{"version":12,"screenWidth":1080,"screenHeight":2340,"scenario":{"scenario":{"id":1,"name":"雜物# 批量交換","detectionQuality":1200,"endConditionOperator":2},"events":[{"event":{"id":1,"scenarioId":1,"name":"好友頁面","conditionOperator":2,"priority":0},"actions":[{"action":{"id":1,"eventId":1,"name":"點擊交換按鈕","type":"CLICK","clickPositionType":"ON_DETECTED_CONDITION","pressDuration":50},"intentExtras":[]}],"conditions":[{"id":1,"eventId":1,"name":"交換按鈕","path":"Condition_-1109472978","areaLeft":736,"areaTop":1627,"areaRight":1061,"areaBottom":1857,"threshold":4,"detectionType":1,"shouldBeDetected":true}]},{"event":{"id":2,"scenarioId":1,"name":"好友頁面","conditionOperator":2,"priority":1},"actions":[{"action":{"id":2,"eventId":2,"name":"點擊交換按鈕","type":"CLICK","clickPositionType":"ON_DETECTED_CONDITION","pressDuration":50},"intentExtras":[]}],"conditions":[{"id":2,"eventId":2,"name":"交換按鈕","path":"Condition_-514705909","areaLeft":770,"areaTop":1009,"areaRight":1035,"areaBottom":1267,"threshold":10,"detectionType":1,"shouldBeDetected":true}]},{"event":{"id":3,"scenarioId":1,"name":"交換頁面","conditionOperator":1,"priority":2},"actions":[{"action":{"id":3,"eventId":3,"name":"點擊第一隻寶可夢","type":"CLICK","clickPositionType":"USER_SELECTED","x":171,"y":828,"pressDuration":50},"intentExtras":[]}],"conditions":[{"id":3,"eventId":3,"name":"雜物#","path":"Condition_649259147","areaLeft":53,"areaTop":389,"areaRight":1044,"areaBottom":543,"threshold":10,"detectionType":1,"shouldBeDetected":true},{"id":8,"eventId":3,"name":"寶可夢","path":"Condition_538006590","areaLeft":170,"areaTop":152,"areaRight":911,"areaBottom":284,"threshold":4,"detectionType":1,"shouldBeDetected":true},{"id":9,"eventId":3,"name":"時間按鈕","path":"Condition_1252402601","areaLeft":870,"areaTop":2018,"areaRight":1050,"areaBottom":2158,"threshold":4,"detectionType":1,"shouldBeDetected":true}]},{"event":{"id":4,"scenarioId":1,"name":"交換頁面","conditionOperator":2,"priority":3},"actions":[{"action":{"id":4,"eventId":4,"name":"點擊下一步按鈕","type":"CLICK","clickPositionType":"ON_DETECTED_CONDITION","pressDuration":50},"intentExtras":[]}],"conditions":[{"id":4,"eventId":4,"name":"下一步按鈕","path":"Condition_-913622161","areaLeft":160,"areaTop":1748,"areaRight":901,"areaBottom":1944,"threshold":4,"detectionType":1,"shouldBeDetected":true}]},{"event":{"id":5,"scenarioId":1,"name":"交換頁面","conditionOperator":2,"priority":4},"actions":[{"action":{"id":5,"eventId":5,"name":"點擊確定按鈕","type":"CLICK","clickPositionType":"ON_DETECTED_CONDITION","pressDuration":50},"intentExtras":[]}],"conditions":[{"id":5,"eventId":5,"name":"確定按鈕","path":"Condition_119779570","areaLeft":10,"areaTop":1087,"areaRight":236,"areaBottom":1319,"threshold":4,"detectionType":1,"shouldBeDetected":true}]},{"event":{"id":6,"scenarioId":1,"name":"換來的寶可夢頁面","conditionOperator":1,"priority":5},"actions":[{"action":{"id":7,"eventId":6,"name":"點擊叉叉按鈕","type":"CLICK","clickPositionType":"ON_DETECTED_CONDITION","clickOnConditionId":6,"pressDuration":50},"intentExtras":[]}],"conditions":[{"id":6,"eventId":6,"name":"叉叉按鈕","path":"Condition_-921882571","areaLeft":477,"areaTop":2039,"areaRight":598,"areaBottom":2171,"threshold":10,"detectionType":1,"shouldBeDetected":true},{"id":7,"eventId":6,"name":"寶可夢選單按鈕","path":"Condition_399571152","areaLeft":844,"areaTop":2017,"areaRight":1019,"areaBottom":2149,"threshold":10,"detectionType":1,"shouldBeDetected":true}]},{"event":{"id":7,"scenarioId":1,"name":"交換機器冷卻","conditionOperator":2,"priority":6},"actions":[{"action":{"id":8,"eventId":7,"name":"點擊OK按鈕","type":"CLICK","clickPositionType":"USER_SELECTED","x":542,"y":1237,"pressDuration":50},"intentExtras":[]}],"conditions":[{"id":10,"eventId":7,"name":"交換機器冷卻","path":"Condition_-1783849817","areaLeft":170,"areaTop":964,"areaRight":911,"areaBottom":1376,"threshold":4,"detectionType":1,"shouldBeDetected":true}]},{"event":{"id":8,"scenarioId":1,"name":"身高體重新紀錄","conditionOperator":2,"priority":7},"actions":[{"action":{"id":9,"eventId":8,"name":"點擊叉叉按鈕","type":"CLICK","clickPositionType":"USER_SELECTED","x":543,"y":2054,"pressDuration":50},"intentExtras":[]}],"conditions":[{"id":11,"eventId":8,"name":"身高體重新紀錄","path":"Condition_-885870847","areaLeft":8,"areaTop":1959,"areaRight":749,"areaBottom":2194,"threshold":4,"detectionType":1,"shouldBeDetected":true}]}],"endConditions":[]}}